Category,YoY Change(Percent),MoM Change(Percent),Industry Name,Job Postings,State
Remote,8,-2,Administrative and Support Services,1406,Alabama
Remote,-53,2,"Professional, Scientific, and Technical Services",707,Alabama
Remote,38,9,Insurance Carriers and Related Activities,603,Alabama
Remote,133,23,Educational Services,326,Alabama
Remote,3000,107,Food and Beverage Stores,217,Alabama
Remote,143,28,Publishing Industries (except Internet),148,Alabama
Remote,-41,-1,Ambulatory Health Care Services,72,Alabama
Remote,-10,-32,Credit Intermediation and Related Activities,62,Alabama
Remote,31,-26,Computer and Electronic Product Manufacturing,55,Alabama
Remote,44,-7,Hospitals,52,Alabama
Physical+Remote,-37,3,Truck Transportation,23233,Alabama
Physical+Remote,-38,-3,Administrative and Support Services,19722,Alabama
Physical+Remote,-30,-5,"Professional, Scientific, and Technical Services",11099,Alabama
Physical+Remote,-30,-6,Food Services and Drinking Places,11030,Alabama
Physical+Remote,5,3,Ambulatory Health Care Services,7716,Alabama
Physical+Remote,-17,-1,General Merchandise Stores,7190,Alabama
Physical+Remote,5,19,Hospitals,3819,Alabama
Physical+Remote,11,7,Motor Vehicle and Parts Dealers,3334,Alabama
Physical+Remote,20,10,Food and Beverage Stores,3130,Alabama
Physical+Remote,-58,44,Support Activities for Transportation,2973,Alabama
Physical+Remote,-20,6,Administrative and Support Services,6194,Alaska
Physical+Remote,-30,-2,"Professional, Scientific, and Technical Services",2502,Alaska
Physical+Remote,-21,5,Hospitals,2383,Alaska
Physical+Remote,-4,6,Ambulatory Health Care Services,1920,Alaska
Physical+Remote,101,48,National Security and International Affairs,1477,Alaska
Physical+Remote,-43,-3,Educational Services,1467,Alaska
Physical+Remote,23,1,Administration of Environmental Quality Programs,997,Alaska
Physical+Remote,18,-3,Food and Beverage Stores,873,Alaska
Physical+Remote,-31,-11,Food Services and Drinking Places,828,Alaska
Physical+Remote,-9,-5,"Executive, Legislative, and Other General Government Support",680,Alaska
Remote,-32,8,"Professional, Scientific, and Technical Services",339,Alaska
Remote,-11,10,Administrative and Support Services,328,Alaska
Remote,248,44,Insurance Carriers and Related Activities,233,Alaska
Remote,78,5,Educational Services,116,Alaska
Remote,211,38,Ambulatory Health Care Services,87,Alaska
Remote,470,27,Real Estate,57,Alaska
Remote,18,93,Credit Intermediation and Related Activities,52,Alaska
Remote,11,136,Hospitals,52,Alaska
Remote,140,14,Administration of Environmental Quality Programs,48,Alaska
Remote,74,21,Publishing Industries (except Internet),47,Alaska
Physical+Remote,-20,-4,Administrative and Support Services,36775,Arizona
Physical+Remote,-13,1,"Professional, Scientific, and Technical Services",23894,Arizona
Physical+Remote,-2,-3,Ambulatory Health Care Services,13752,Arizona
Physical+Remote,-26,-9,Food Services and Drinking Places,10955,Arizona
Physical+Remote,15,2,Hospitals,9125,Arizona
Physical+Remote,-20,2,Educational Services,8167,Arizona
Physical+Remote,-23,0,Truck Transportation,7246,Arizona
Physical+Remote,-30,6,Insurance Carriers and Related Activities,6175,Arizona
Physical+Remote,-22,-1,Credit Intermediation and Related Activities,5540,Arizona
Physical+Remote,25,-1,Food and Beverage Stores,5246,Arizona
Remote,48,3,Administrative and Support Services,2217,Arizona
Remote,12,11,"Professional, Scientific, and Technical Services",1904,Arizona
Remote,37,32,Insurance Carriers and Related Activities,1523,Arizona
Remote,112,2,Educational Services,409,Arizona
Remote,-11,17,Publishing Industries (except Internet),384,Arizona
Remote,119,25,Credit Intermediation and Related Activities,372,Arizona
Remote,38,2,Ambulatory Health Care Services,315,Arizona
Remote,956,57,Food and Beverage Stores,285,Arizona
Remote,166,-9,Hospitals,277,Arizona
Remote,47,-16,Computer and Electronic Product Manufacturing,219,Arizona
Physical+Remote,-9,13,Truck Transportation,27492,Arkansas
Physical+Remote,-42,3,Administrative and Support Services,12157,Arkansas
Physical+Remote,-33,-2,Food Services and Drinking Places,6308,Arkansas
Physical+Remote,18,1,Ambulatory Health Care Services,6019,Arkansas
Physical+Remote,-48,9,"Professional, Scientific, and Technical Services",5024,Arkansas
Physical+Remote,-26,7,General Merchandise Stores,4709,Arkansas
Physical+Remote,-37,98,Support Activities for Transportation,3083,Arkansas
Physical+Remote,4,13,Hospitals,2982,Arkansas
Physical+Remote,-9,-3,Educational Services,2683,Arkansas
Physical+Remote,41,17,Nursing and Residential Care Facilities,2031,Arkansas
Remote,-24,-20,Administrative and Support Services,766,Arkansas
Remote,52,13,Insurance Carriers and Related Activities,525,Arkansas
Remote,-44,16,"Professional, Scientific, and Technical Services",477,Arkansas
Remote,213,34,Educational Services,238,Arkansas
Remote,3200,118,Food and Beverage Stores,198,Arkansas
Remote,13,14,Publishing Industries (except Internet),153,Arkansas
Remote,-30,51,Telecommunications,80,Arkansas
Remote,33,16,Hospitals,72,Arkansas
Remote,283,77,Real Estate,69,Arkansas
Remote,-34,-42,Ambulatory Health Care Services,64,Arkansas
Physical+Remote,-33,1,Administrative and Support Services,191596,California
Physical+Remote,-33,3,"Professional, Scientific, and Technical Services",126002,California
Physical+Remote,-23,3,Ambulatory Health Care Services,50532,California
Physical+Remote,-36,-2,Food Services and Drinking Places,46609,California
Physical+Remote,-33,-2,Educational Services,38816,California
Physical+Remote,-5,16,Publishing Industries (except Internet),32486,California
Physical+Remote,-22,1,Computer and Electronic Product Manufacturing,31411,California
Physical+Remote,-10,5,Hospitals,27170,California
Physical+Remote,-23,3,Truck Transportation,26726,California
Physical+Remote,-8,3,Food and Beverage Stores,19240,California
Remote,26,11,"Professional, Scientific, and Technical Services",9245,California
Remote,38,-4,Administrative and Support Services,7670,California
Remote,-3,-3,Insurance Carriers and Related Activities,4428,California
Remote,78,37,Publishing Industries (except Internet),3186,California
Remote,34,5,Educational Services,1282,California
Remote,57,3,Computer and Electronic Product Manufacturing,1155,California
Remote,10,27,Ambulatory Health Care Services,1119,California
Remote,816,16,Food and Beverage Stores,943,California
Remote,261,22,Chemical Manufacturing,784,California
Remote,61,23,Credit Intermediation and Related Activities,629,California
Physical+Remote,-31,-9,Administrative and Support Services,33396,Colorado
Physical+Remote,-35,-9,"Professional, Scientific, and Technical Services",24412,Colorado
Physical+Remote,-29,-1,Ambulatory Health Care Services,13525,Colorado
Physical+Remote,-32,-8,Food Services and Drinking Places,11881,Colorado
Physical+Remote,-24,-3,Truck Transportation,9963,Colorado
Physical+Remote,-1,15,Publishing Industries (except Internet),7771,Colorado
Physical+Remote,-19,-7,Educational Services,7440,Colorado
Physical+Remote,-12,8,Hospitals,5290,Colorado
Physical+Remote,-7,-7,Telecommunications,5127,Colorado
Physical+Remote,-3,-6,Food and Beverage Stores,4595,Colorado
Remote,7,7,"Professional, Scientific, and Technical Services",1985,Colorado
Remote,11,-7,Administrative and Support Services,1878,Colorado
Remote,33,14,Insurance Carriers and Related Activities,1065,Colorado
Remote,55,27,Publishing Industries (except Internet),842,Colorado
Remote,20,15,Telecommunications,367,Colorado
Remote,56,4,Educational Services,288,Colorado
Remote,-9,3,Ambulatory Health Care Services,266,Colorado
Remote,784,8,Food and Beverage Stores,221,Colorado
Remote,98,7,Credit Intermediation and Related Activities,208,Colorado
Remote,1112,168,Transportation Equipment Manufacturing,206,Colorado
Physical+Remote,-34,3,Administrative and Support Services,22059,Connecticut
Physical+Remote,-30,5,"Professional, Scientific, and Technical Services",12628,Connecticut
Physical+Remote,-3,12,Ambulatory Health Care Services,7507,Connecticut
Physical+Remote,-42,8,Truck Transportation,6523,Connecticut
Physical+Remote,-31,3,Food Services and Drinking Places,4881,Connecticut
Physical+Remote,91,32,Health and Personal Care Stores,4470,Connecticut
Physical+Remote,-32,10,Educational Services,4246,Connecticut
Physical+Remote,18,1,Nursing and Residential Care Facilities,4072,Connecticut
Physical+Remote,-38,11,Insurance Carriers and Related Activities,3928,Connecticut
Physical+Remote,-3,2,Hospitals,3713,Connecticut
Remote,-9,19,"Professional, Scientific, and Technical Services",1108,Connecticut
Remote,-1,4,Administrative and Support Services,974,Connecticut
Remote,-39,17,Insurance Carriers and Related Activities,592,Connecticut
Remote,9,41,Publishing Industries (except Internet),175,Connecticut
Remote,89,14,Educational Services,168,Connecticut
Remote,85,-6,Ambulatory Health Care Services,133,Connecticut
Remote,240,-8,Computer and Electronic Product Manufacturing,102,Connecticut
Remote,388,66,Real Estate,78,Connecticut
Remote,11,46,Credit Intermediation and Related Activities,70,Connecticut
Remote,59,-33,"Merchant Wholesalers, Durable Goods",70,Connecticut
Remote,23,10,Administrative and Support Services,510,Delaware
Remote,-7,14,Insurance Carriers and Related Activities,380,Delaware
Remote,-26,4,"Professional, Scientific, and Technical Services",355,Delaware
Remote,-10,28,Ambulatory Health Care Services,74,Delaware
Remote,104,11,Publishing Industries (except Internet),49,Delaware
Remote,-11,55,Credit Intermediation and Related Activities,48,Delaware
Remote,10,10,Hospitals,44,Delaware
Remote,-51,-6,Educational Services,31,Delaware
Remote,107,15,Real Estate,31,Delaware
Remote,118,-4,Chemical Manufacturing,24,Delaware
Physical+Remote,-35,-4,Administrative and Support Services,6006,Delaware
Physical+Remote,-30,3,"Professional, Scientific, and Technical Services",4358,Delaware
Physical+Remote,-15,-3,Truck Transportation,2720,Delaware
Physical+Remote,5,5,Ambulatory Health Care Services,2373,Delaware
Physical+Remote,-35,0,Food Services and Drinking Places,2201,Delaware
Physical+Remote,-49,12,Credit Intermediation and Related Activities,1708,Delaware
Physical+Remote,4,16,Hospitals,1591,Delaware
Physical+Remote,-20,-11,General Merchandise Stores,1259,Delaware
Physical+Remote,-17,12,Insurance Carriers and Related Activities,1164,Delaware
Physical+Remote,245,16,National Security and International Affairs,960,Delaware
Physical+Remote,-26,7,"Professional, Scientific, and Technical Services",27181,Washington DC
Physical+Remote,-29,5,Administrative and Support Services,12906,Washington DC
Physical+Remote,-18,6,"Religious, Grantmaking, Civic, Professional, and Similar Organizations",3694,Washington DC
Physical+Remote,-41,5,Educational Services,3214,Washington DC
Physical+Remote,-54,12,Ambulatory Health Care Services,2542,Washington DC
Physical+Remote,-29,6,Publishing Industries (except Internet),2039,Washington DC
Physical+Remote,-32,19,Insurance Carriers and Related Activities,1824,Washington DC
Physical+Remote,-33,-1,Food Services and Drinking Places,1778,Washington DC
Physical+Remote,-19,10,"Executive, Legislative, and Other General Government Support",1448,Washington DC
Physical+Remote,-42,5,Social Assistance,1401,Washington DC
Remote,65,11,"Professional, Scientific, and Technical Services",2267,Washington DC
Remote,44,5,Administrative and Support Services,812,Washington DC
Remote,18,18,Insurance Carriers and Related Activities,334,Washington DC
Remote,79,21,"Religious, Grantmaking, Civic, Professional, and Similar Organizations",199,Washington DC
Remote,1,9,Publishing Industries (except Internet),173,Washington DC
Remote,58,17,Educational Services,166,Washington DC
Remote,16,30,Ambulatory Health Care Services,129,Washington DC
Remote,102,25,Social Assistance,89,Washington DC
Remote,14,20,Telecommunications,65,Washington DC
Remote,-21,5,Computer and Electronic Product Manufacturing,63,Washington DC
Remote,37,3,Administrative and Support Services,4463,Florida
Remote,-9,12,"Professional, Scientific, and Technical Services",3804,Florida
Remote,-12,14,Insurance Carriers and Related Activities,2961,Florida
Remote,72,27,Publishing Industries (except Internet),1012,Florida
Remote,280,-24,Real Estate,646,Florida
Remote,27,15,Ambulatory Health Care Services,555,Florida
Remote,83,17,Educational Services,535,Florida
Remote,114,11,Credit Intermediation and Related Activities,473,Florida
Remote,1116,51,Food and Beverage Stores,462,Florida
Remote,-27,-15,Nonstore Retailers,329,Florida
Physical+Remote,-19,2,Administrative and Support Services,89695,Florida
Physical+Remote,-26,5,"Professional, Scientific, and Technical Services",54498,Florida
Physical+Remote,1,6,Ambulatory Health Care Services,40731,Florida
Physical+Remote,-28,-3,Food Services and Drinking Places,37211,Florida
Physical+Remote,-13,13,Hospitals,19495,Florida
Physical+Remote,-12,10,Educational Services,15477,Florida
Physical+Remote,-16,0,General Merchandise Stores,15396,Florida
Physical+Remote,-31,8,Truck Transportation,13107,Florida
Physical+Remote,-39,6,Insurance Carriers and Related Activities,12281,Florida
Physical+Remote,1,10,Food and Beverage Stores,11574,Florida
Physical+Remote,-27,-7,Administrative and Support Services,59380,Georgia
Physical+Remote,-22,-9,"Professional, Scientific, and Technical Services",35644,Georgia
Physical+Remote,-29,-4,Truck Transportation,29671,Georgia
Physical+Remote,-21,-6,Food Services and Drinking Places,25005,Georgia
Physical+Remote,-3,-1,Ambulatory Health Care Services,17566,Georgia
Physical+Remote,-9,3,General Merchandise Stores,12432,Georgia
Physical+Remote,3,7,Hospitals,12358,Georgia
Physical+Remote,-23,-3,Educational Services,8972,Georgia
Physical+Remote,17,0,Motor Vehicle and Parts Dealers,7568,Georgia
Physical+Remote,-10,-2,Building Material and Garden Equipment and Supplies Dealers,6069,Georgia
Remote,19,0,"Professional, Scientific, and Technical Services",2736,Georgia
Remote,-5,-12,Administrative and Support Services,2712,Georgia
Remote,11,6,Insurance Carriers and Related Activities,1269,Georgia
Remote,97,18,Educational Services,661,Georgia
Remote,75,26,Publishing Industries (except Internet),543,Georgia
Remote,1422,88,Food and Beverage Stores,350,Georgia
Remote,1,3,Ambulatory Health Care Services,286,Georgia
Remote,54,-20,Computer and Electronic Product Manufacturing,253,Georgia
Remote,-14,30,Telecommunications,226,Georgia
Remote,213,18,"Merchant Wholesalers, Durable Goods",225,Georgia
Remote,384,32,Insurance Carriers and Related Activities,271,Hawaii
Remote,-12,16,Administrative and Support Services,230,Hawaii
Remote,-37,42,"Professional, Scientific, and Technical Services",226,Hawaii
Remote,96,11,Educational Services,104,Hawaii
Remote,50,164,Credit Intermediation and Related Activities,66,Hawaii
Remote,367,35,Real Estate,42,Hawaii
Remote,44,144,Ambulatory Health Care Services,39,Hawaii
Remote,29,63,Telecommunications,31,Hawaii
Remote,2800,107,Food and Beverage Stores,29,Hawaii
Remote,33,115,Publishing Industries (except Internet),28,Hawaii
Physical+Remote,-45,13,Administrative and Support Services,4544,Hawaii
Physical+Remote,-26,24,"Professional, Scientific, and Technical Services",3483,Hawaii
Physical+Remote,-16,7,Ambulatory Health Care Services,2072,Hawaii
Physical+Remote,-45,5,Food Services and Drinking Places,1446,Hawaii
Physical+Remote,27,21,National Security and International Affairs,1212,Hawaii
Physical+Remote,-16,29,Insurance Carriers and Related Activities,831,Hawaii
Physical+Remote,-49,13,General Merchandise Stores,636,Hawaii
Physical+Remote,-45,8,Educational Services,552,Hawaii
Physical+Remote,-52,6,Clothing and Clothing Accessories Stores,521,Hawaii
Physical+Remote,-27,-5,Health and Personal Care Stores,516,Hawaii
Physical+Remote,-44,-2,Administrative and Support Services,7204,Idaho
Physical+Remote,-37,8,Truck Transportation,3994,Idaho
Physical+Remote,-44,-7,"Professional, Scientific, and Technical Services",3747,Idaho
Physical+Remote,-30,-2,Food Services and Drinking Places,3642,Idaho
Physical+Remote,13,15,Hospitals,2661,Idaho
Physical+Remote,-22,6,Ambulatory Health Care Services,2637,Idaho
Physical+Remote,-41,-2,Educational Services,1506,Idaho
Physical+Remote,5,-9,Food and Beverage Stores,1336,Idaho
Physical+Remote,-13,1,General Merchandise Stores,1297,Idaho
Physical+Remote,12,-1,Social Assistance,1270,Idaho
Remote,-17,-10,Administrative and Support Services,593,Idaho
Remote,5,2,Insurance Carriers and Related Activities,373,Idaho
Remote,-58,-16,"Professional, Scientific, and Technical Services",298,Idaho
Remote,1009,103,Food and Beverage Stores,122,Idaho
Remote,15,11,Publishing Industries (except Internet),94,Idaho
Remote,-23,11,Ambulatory Health Care Services,80,Idaho
Remote,-43,7,Educational Services,77,Idaho
Remote,76,2,Real Estate,65,Idaho
Remote,15,-4,Social Assistance,47,Idaho
Remote,-21,2,Credit Intermediation and Related Activities,46,Idaho
Remote,12,-17,Administrative and Support Services,3352,Illinois
Remote,-27,5,"Professional, Scientific, and Technical Services",3133,Illinois
Remote,33,7,Insurance Carriers and Related Activities,1646,Illinois
Remote,192,21,Educational Services,1080,Illinois
Remote,27,15,Publishing Industries (except Internet),733,Illinois
Remote,16,-7,Ambulatory Health Care Services,529,Illinois
Remote,704,48,Food and Beverage Stores,450,Illinois
Remote,118,-17,Computer and Electronic Product Manufacturing,308,Illinois
Remote,73,-11,Credit Intermediation and Related Activities,242,Illinois
Remote,86,-1,Chemical Manufacturing,169,Illinois
Physical+Remote,-39,-11,Administrative and Support Services,68530,Illinois
Physical+Remote,-6,1,Truck Transportation,66842,Illinois
Physical+Remote,-42,-12,"Professional, Scientific, and Technical Services",40261,Illinois
Physical+Remote,-13,-1,Ambulatory Health Care Services,27293,Illinois
Physical+Remote,-40,-4,Food Services and Drinking Places,24167,Illinois
Physical+Remote,-12,-10,Educational Services,18245,Illinois
Physical+Remote,-25,2,General Merchandise Stores,12539,Illinois
Physical+Remote,-6,-7,Hospitals,10167,Illinois
Physical+Remote,-63,-2,Support Activities for Transportation,9218,Illinois
Physical+Remote,-15,10,Publishing Industries (except Internet),8332,Illinois
Physical+Remote,-20,3,Truck Transportation,39465,Indiana
Physical+Remote,-38,3,Administrative and Support Services,32899,Indiana
Physical+Remote,-27,0,Food Services and Drinking Places,17110,Indiana
Physical+Remote,-12,7,Ambulatory Health Care Services,13792,Indiana
Physical+Remote,-40,2,"Professional, Scientific, and Technical Services",13355,Indiana
Physical+Remote,-3,5,Hospitals,8115,Indiana
Physical+Remote,-27,4,General Merchandise Stores,7654,Indiana
Physical+Remote,-63,15,Support Activities for Transportation,5620,Indiana
Physical+Remote,-30,-11,Educational Services,5074,Indiana
Physical+Remote,23,5,Nursing and Residential Care Facilities,4817,Indiana
Remote,27,1,Administrative and Support Services,1393,Indiana
Remote,22,16,Insurance Carriers and Related Activities,964,Indiana
Remote,-31,17,"Professional, Scientific, and Technical Services",942,Indiana
Remote,270,23,Educational Services,500,Indiana
Remote,45,54,Publishing Industries (except Internet),226,Indiana
Remote,1600,288,Food and Beverage Stores,221,Indiana
Remote,-28,-23,Ambulatory Health Care Services,166,Indiana
Remote,117,7,Hospitals,128,Indiana
Remote,68,32,"Securities, Commodity Contracts, and Other Financial Investments and Related Activities",94,Indiana
Remote,31,20,"Merchant Wholesalers, Durable Goods",77,Indiana
Remote,-1,-14,Administrative and Support Services,989,Iowa
Remote,-4,79,"Professional, Scientific, and Technical Services",833,Iowa
Remote,-9,6,Insurance Carriers and Related Activities,596,Iowa
Remote,2736,47,Food and Beverage Stores,312,Iowa
Remote,1627,-44,Specialty Trade Contractors,259,Iowa
Remote,111,17,Educational Services,209,Iowa
Remote,16,51,Publishing Industries (except Internet),113,Iowa
Remote,-12,78,Credit Intermediation and Related Activities,80,Iowa
Remote,94,19,Hospitals,62,Iowa
Remote,-6,-77,Ambulatory Health Care Services,60,Iowa
Physical+Remote,-17,-1,Truck Transportation,27562,Iowa
Physical+Remote,-40,-4,Administrative and Support Services,17447,Iowa
Physical+Remote,16,6,Ambulatory Health Care Services,7989,Iowa
Physical+Remote,-47,0,"Professional, Scientific, and Technical Services",7359,Iowa
Physical+Remote,-36,-4,Food Services and Drinking Places,6071,Iowa
Physical+Remote,0,6,General Merchandise Stores,4740,Iowa
Physical+Remote,-58,-16,Support Activities for Transportation,3740,Iowa
Physical+Remote,-25,-5,Food and Beverage Stores,3678,Iowa
Physical+Remote,-27,0,Educational Services,3637,Iowa
Physical+Remote,10,32,Hospitals,2838,Iowa
Physical+Remote,-11,4,Truck Transportation,17526,Kansas
Physical+Remote,-38,1,Administrative and Support Services,14497,Kansas
Physical+Remote,-25,-1,Food Services and Drinking Places,8877,Kansas
Physical+Remote,-22,7,"Professional, Scientific, and Technical Services",8763,Kansas
Physical+Remote,8,10,Ambulatory Health Care Services,7274,Kansas
Physical+Remote,18,28,General Merchandise Stores,6037,Kansas
Physical+Remote,6,15,Hospitals,5802,Kansas
Physical+Remote,1,0,Educational Services,4664,Kansas
Physical+Remote,-54,14,Support Activities for Transportation,2620,Kansas
Physical+Remote,-3,5,Nursing and Residential Care Facilities,2433,Kansas
Remote,10,56,"Professional, Scientific, and Technical Services",1044,Kansas
Remote,43,-11,Administrative and Support Services,997,Kansas
Remote,4,9,Insurance Carriers and Related Activities,586,Kansas
Remote,0,110,Food and Beverage Stores,239,Kansas
Remote,41,15,Educational Services,174,Kansas
Remote,52,29,Publishing Industries (except Internet),147,Kansas
Remote,1286,0,Hospitals,97,Kansas
Remote,650,18,Real Estate,90,Kansas
Remote,77,-53,Ambulatory Health Care Services,78,Kansas
Remote,-20,33,Telecommunications,72,Kansas
Physical+Remote,-3,3,Truck Transportation,38659,Kentucky
Physical+Remote,-35,3,Administrative and Support Services,19889,Kentucky
Physical+Remote,-32,-6,Food Services and Drinking Places,10887,Kentucky
Physical+Remote,-20,-1,"Professional, Scientific, and Technical Services",9264,Kentucky
Physical+Remote,0,4,Ambulatory Health Care Services,8860,Kentucky
Physical+Remote,-13,4,General Merchandise Stores,7070,Kentucky
Physical+Remote,-39,49,Support Activities for Transportation,5064,Kentucky
Physical+Remote,5,3,Hospitals,4593,Kentucky
Physical+Remote,-43,-9,Educational Services,3586,Kentucky
Physical+Remote,30,9,Motor Vehicle and Parts Dealers,2936,Kentucky
Remote,2,2,Administrative and Support Services,1054,Kentucky
Remote,-16,23,Insurance Carriers and Related Activities,708,Kentucky
Remote,-24,19,"Professional, Scientific, and Technical Services",679,Kentucky
Remote,73,42,Educational Services,223,Kentucky
Remote,16500,108,Food and Beverage Stores,166,Kentucky
Remote,20,11,Publishing Industries (except Internet),126,Kentucky
Remote,341,295,Administration of Economic Programs,75,Kentucky
Remote,204,109,Real Estate,73,Kentucky
Remote,-16,-53,Ambulatory Health Care Services,69,Kentucky
Remote,-23,23,Credit Intermediation and Related Activities,54,Kentucky
Physical+Remote,-25,3,Truck Transportation,17538,Louisiana
Physical+Remote,-44,1,Administrative and Support Services,15236,Louisiana
Physical+Remote,-29,2,Food Services and Drinking Places,9482,Louisiana
Physical+Remote,-29,6,"Professional, Scientific, and Technical Services",9199,Louisiana
Physical+Remote,-2,-1,Ambulatory Health Care Services,6608,Louisiana
Physical+Remote,-18,-4,General Merchandise Stores,6060,Louisiana
Physical+Remote,-13,6,Hospitals,3799,Louisiana
Physical+Remote,13,3,Motor Vehicle and Parts Dealers,2534,Louisiana
Physical+Remote,-23,47,Support Activities for Transportation,2442,Louisiana
Physical+Remote,10,13,Food and Beverage Stores,2291,Louisiana
Remote,-13,-3,Administrative and Support Services,869,Louisiana
Remote,23,-8,"Executive, Legislative, and Other General Government Support",785,Louisiana
Remote,-42,-3,"Professional, Scientific, and Technical Services",689,Louisiana
Remote,-1,6,Insurance Carriers and Related Activities,659,Louisiana
Remote,148,24,Educational Services,330,Louisiana
Remote,1989,90,Food and Beverage Stores,188,Louisiana
Remote,42,-8,Ambulatory Health Care Services,122,Louisiana
Remote,6,12,Publishing Industries (except Internet),118,Louisiana
Remote,425,29,Hospitals,84,Louisiana
Remote,80,21,Real Estate,63,Louisiana
Physical+Remote,-35,6,Administrative and Support Services,10247,Maine
Physical+Remote,-14,7,"Professional, Scientific, and Technical Services",5096,Maine
Physical+Remote,-6,6,Hospitals,4682,Maine
Physical+Remote,-11,-2,Truck Transportation,4496,Maine
Physical+Remote,-9,8,Ambulatory Health Care Services,3647,Maine
Physical+Remote,-44,9,Food Services and Drinking Places,2649,Maine
Physical+Remote,13,7,Food and Beverage Stores,2121,Maine
Physical+Remote,-25,5,General Merchandise Stores,1976,Maine
Physical+Remote,-25,10,Educational Services,1480,Maine
Physical+Remote,-14,18,Insurance Carriers and Related Activities,1233,Maine
Remote,6,14,Administrative and Support Services,623,Maine
Remote,-27,24,"Professional, Scientific, and Technical Services",465,Maine
Remote,-28,13,Insurance Carriers and Related Activities,313,Maine
Remote,2062,-16,Hospitals,281,Maine
Remote,78,21,Educational Services,137,Maine
Remote,95,21,Ambulatory Health Care Services,117,Maine
Remote,250,142,Real Estate,63,Maine
Remote,93,35,Publishing Industries (except Internet),58,Maine
Remote,1175,96,Food and Beverage Stores,51,Maine
Remote,7,52,Credit Intermediation and Related Activities,47,Maine
Remote,-4,-15,"Professional, Scientific, and Technical Services",1952,Maryland
Remote,-4,-5,Administrative and Support Services,1391,Maryland
Remote,21,1,Insurance Carriers and Related Activities,1024,Maryland
Remote,186,27,Educational Services,604,Maryland
Remote,195,-15,Ambulatory Health Care Services,251,Maryland
Remote,73,15,Publishing Industries (except Internet),251,Maryland
Remote,100,-18,Computer and Electronic Product Manufacturing,188,Maryland
Remote,850,46,Food and Beverage Stores,133,Maryland
Remote,-23,-8,"Religious, Grantmaking, Civic, Professional, and Similar Organizations",101,Maryland
Remote,300,16,Hospitals,100,Maryland
Physical+Remote,-12,-5,"Professional, Scientific, and Technical Services",39903,Maryland
Physical+Remote,-37,-8,Administrative and Support Services,34193,Maryland
Physical+Remote,-21,3,Truck Transportation,17506,Maryland
Physical+Remote,-24,1,Food Services and Drinking Places,12075,Maryland
Physical+Remote,-12,-7,Ambulatory Health Care Services,11115,Maryland
Physical+Remote,-33,-13,Educational Services,8939,Maryland
Physical+Remote,-26,-7,Hospitals,5119,Maryland
Physical+Remote,-24,-3,General Merchandise Stores,4738,Maryland
Physical+Remote,317,36,Nonstore Retailers,4181,Maryland
Physical+Remote,-4,4,Food and Beverage Stores,3911,Maryland
Physical+Remote,-31,-8,Administrative and Support Services,51885,Massachusetts
Physical+Remote,-27,-10,"Professional, Scientific, and Technical Services",35339,Massachusetts
Physical+Remote,-2,-1,Ambulatory Health Care Services,18582,Massachusetts
Physical+Remote,12,0,Hospitals,14633,Massachusetts
Physical+Remote,-35,1,Educational Services,12454,Massachusetts
Physical+Remote,-43,2,Truck Transportation,10027,Massachusetts
Physical+Remote,16,0,Publishing Industries (except Internet),10022,Massachusetts
Physical+Remote,-43,-2,Food Services and Drinking Places,9658,Massachusetts
Physical+Remote,98,39,Nonstore Retailers,7963,Massachusetts
Physical+Remote,-1,-2,Chemical Manufacturing,7066,Massachusetts
Remote,3,-3,"Professional, Scientific, and Technical Services",2192,Massachusetts
Remote,31,-10,Administrative and Support Services,2095,Massachusetts
Remote,60,19,Publishing Industries (except Internet),655,Massachusetts
Remote,341,24,Educational Services,640,Massachusetts
Remote,-24,-4,Insurance Carriers and Related Activities,637,Massachusetts
Remote,58,-6,Computer and Electronic Product Manufacturing,483,Massachusetts
Remote,164,6,Ambulatory Health Care Services,320,Massachusetts
Remote,81,17,Chemical Manufacturing,212,Massachusetts
Remote,40,-7,Social Assistance,160,Massachusetts
Remote,675,20,Food and Beverage Stores,155,Massachusetts
Physical+Remote,-34,-1,Administrative and Support Services,48636,Michigan
Physical+Remote,-28,3,"Professional, Scientific, and Technical Services",26855,Michigan
Physical+Remote,-27,-4,Food Services and Drinking Places,21869,Michigan
Physical+Remote,-38,-2,Truck Transportation,20380,Michigan
Physical+Remote,1,10,Ambulatory Health Care Services,18325,Michigan
Physical+Remote,-21,-4,General Merchandise Stores,12069,Michigan
Physical+Remote,-11,8,Hospitals,9885,Michigan
Physical+Remote,-30,-2,Educational Services,9134,Michigan
Physical+Remote,43,7,Motor Vehicle and Parts Dealers,7263,Michigan
Physical+Remote,-3,12,Building Material and Garden Equipment and Supplies Dealers,5170,Michigan
Remote,-5,11,"Professional, Scientific, and Technical Services",1713,Michigan
Remote,9,-1,Administrative and Support Services,1649,Michigan
Remote,74,3,Insurance Carriers and Related Activities,1061,Michigan
Remote,128,30,Educational Services,871,Michigan
Remote,396,-3,Ambulatory Health Care Services,818,Michigan
Remote,16950,64,Food and Beverage Stores,341,Michigan
Remote,7,-9,Publishing Industries (except Internet),322,Michigan
Remote,91,-6,Credit Intermediation and Related Activities,170,Michigan
Remote,73,-1,Computer and Electronic Product Manufacturing,149,Michigan
Remote,41,48,Miscellaneous Manufacturing,121,Minnesota
Remote,41,-5,Administrative and Support Services,1547,Minnesota
Remote,-6,14,"Professional, Scientific, and Technical Services",1496,Minnesota
Remote,49,35,Publishing Industries (except Internet),388,Minnesota
Remote,85,-30,Ambulatory Health Care Services,244,Minnesota
Remote,3114,105,Food and Beverage Stores,225,Minnesota
Remote,94,49,Hospitals,209,Minnesota
Remote,17,25,Credit Intermediation and Related Activities,193,Minnesota
Remote,146,-10,Computer and Electronic Product Manufacturing,187,Minnesota
Remote,-5,24,Educational Services,148,Minnesota
Physical+Remote,-36,2,Administrative and Support Services,33643,Minnesota
Physical+Remote,-38,10,"Professional, Scientific, and Technical Services",19695,Minnesota
Physical+Remote,0,6,Truck Transportation,17936,Minnesota
Physical+Remote,-39,2,Food Services and Drinking Places,10795,Minnesota
Physical+Remote,-18,7,Ambulatory Health Care Services,10597,Minnesota
Physical+Remote,-6,7,Hospitals,9815,Minnesota
Physical+Remote,-9,8,General Merchandise Stores,7947,Minnesota
Physical+Remote,1,10,Food and Beverage Stores,6002,Minnesota
Physical+Remote,-33,8,Educational Services,5830,Minnesota
Physical+Remote,-60,13,Insurance Carriers and Related Activities,5777,Minnesota
Remote,-27,-9,Administrative and Support Services,682,Mississippi
Remote,29,11,Insurance Carriers and Related Activities,432,Mississippi
Remote,-54,4,"Professional, Scientific, and Technical Services",384,Mississippi
Remote,21400,150,Food and Beverage Stores,215,Mississippi
Remote,62,32,Educational Services,172,Mississippi
Remote,2800,-31,Hospitals,116,Mississippi
Remote,100,46,Publishing Industries (except Internet),86,Mississippi
Remote,65,-33,Ambulatory Health Care Services,56,Mississippi
Remote,65,16,Social Assistance,43,Mississippi
Remote,158,-3,Real Estate,31,Mississippi
Physical+Remote,-21,2,Truck Transportation,17518,Mississippi
Physical+Remote,-38,-2,Administrative and Support Services,9981,Mississippi
Physical+Remote,-26,-4,Food Services and Drinking Places,7441,Mississippi
Physical+Remote,7,3,Ambulatory Health Care Services,4538,Mississippi
Physical+Remote,-29,4,"Professional, Scientific, and Technical Services",4194,Mississippi
Physical+Remote,-15,10,General Merchandise Stores,4102,Mississippi
Physical+Remote,26,8,Hospitals,2484,Mississippi
Physical+Remote,-45,29,Support Activities for Transportation,2419,Mississippi
Physical+Remote,46,10,Motor Vehicle and Parts Dealers,2071,Mississippi
Physical+Remote,45,11,Food and Beverage Stores,1905,Mississippi
Physical+Remote,6,10,Truck Transportation,40574,Missouri
Physical+Remote,-38,2,Administrative and Support Services,28845,Missouri
Physical+Remote,-31,-1,"Professional, Scientific, and Technical Services",18073,Missouri
Physical+Remote,-34,-2,Food Services and Drinking Places,15811,Missouri
Physical+Remote,4,7,Ambulatory Health Care Services,15458,Missouri
Physical+Remote,-3,7,Hospitals,10522,Missouri
Physical+Remote,-8,-1,General Merchandise Stores,8389,Missouri
Physical+Remote,-53,-10,Support Activities for Transportation,7575,Missouri
Physical+Remote,-28,-5,Educational Services,5356,Missouri
Physical+Remote,-49,5,Insurance Carriers and Related Activities,4711,Missouri
Remote,6,-14,Administrative and Support Services,1287,Missouri
Remote,-15,1,"Professional, Scientific, and Technical Services",1199,Missouri
Remote,31,11,Insurance Carriers and Related Activities,1059,Missouri
Remote,195,28,Educational Services,469,Missouri
Remote,190,29,Credit Intermediation and Related Activities,270,Missouri
Remote,68,-3,Publishing Industries (except Internet),253,Missouri
Remote,74,-31,Ambulatory Health Care Services,176,Missouri
Remote,8250,52,Food and Beverage Stores,167,Missouri
Remote,124,28,Hospitals,157,Missouri
Remote,-49,73,Telecommunications,111,Missouri
Remote,-32,-9,Administrative and Support Services,385,Montana
Remote,-19,20,Insurance Carriers and Related Activities,284,Montana
Remote,-31,12,"Professional, Scientific, and Technical Services",217,Montana
Remote,574,5,Ambulatory Health Care Services,155,Montana
Remote,107,16,Educational Services,116,Montana
Remote,19,52,Publishing Industries (except Internet),100,Montana
Remote,2533,126,Food and Beverage Stores,79,Montana
Remote,550,4,Hospitals,52,Montana
Remote,344,11,Real Estate,40,Montana
Remote,-42,63,Credit Intermediation and Related Activities,26,Montana
Physical+Remote,-20,-3,Administrative and Support Services,7572,Montana
Physical+Remote,-58,15,Truck Transportation,3350,Montana
Physical+Remote,14,11,Ambulatory Health Care Services,2819,Montana
Physical+Remote,-26,9,"Professional, Scientific, and Technical Services",2817,Montana
Physical+Remote,-24,2,Food Services and Drinking Places,2507,Montana
Physical+Remote,8,8,Hospitals,2331,Montana
Physical+Remote,-24,11,Educational Services,1512,Montana
Physical+Remote,31,30,Publishing Industries (except Internet),1357,Montana
Physical+Remote,-8,-4,Accommodation,1201,Montana
Physical+Remote,49,-4,Motor Vehicle and Parts Dealers,1072,Montana
Remote,-19,-5,Administrative and Support Services,628,Nebraska
Remote,-26,33,"Professional, Scientific, and Technical Services",546,Nebraska
Remote,18,24,Insurance Carriers and Related Activities,449,Nebraska
Remote,57,18,Educational Services,157,Nebraska
Remote,61,23,Publishing Industries (except Internet),127,Nebraska
Remote,2975,186,Food and Beverage Stores,123,Nebraska
Remote,130,-67,Ambulatory Health Care Services,76,Nebraska
Remote,10,15,Credit Intermediation and Related Activities,75,Nebraska
Remote,450,69,Real Estate,66,Nebraska
Remote,10,-22,"Data Processing, Hosting, and Related Services",56,Nebraska
Physical+Remote,-29,6,Administrative and Support Services,11963,Nebraska
Physical+Remote,-18,-1,Truck Transportation,9128,Nebraska
Physical+Remote,-20,10,"Professional, Scientific, and Technical Services",6077,Nebraska
Physical+Remote,-21,-2,Food Services and Drinking Places,4508,Nebraska
Physical+Remote,-6,3,Ambulatory Health Care Services,3574,Nebraska
Physical+Remote,4,5,Educational Services,3428,Nebraska
Physical+Remote,5,12,Hospitals,2853,Nebraska
Physical+Remote,-10,4,General Merchandise Stores,2591,Nebraska
Physical+Remote,-56,14,Insurance Carriers and Related Activities,2150,Nebraska
Physical+Remote,4,24,Nursing and Residential Care Facilities,2045,Nebraska
Physical+Remote,-37,0,Administrative and Support Services,10036,Nevada
Physical+Remote,-34,4,"Professional, Scientific, and Technical Services",6552,Nevada
Physical+Remote,-35,-3,Food Services and Drinking Places,4215,Nevada
Physical+Remote,-14,12,Truck Transportation,3114,Nevada
Physical+Remote,-28,-2,Ambulatory Health Care Services,3053,Nevada
Physical+Remote,-25,-1,Educational Services,2876,Nevada
Physical+Remote,-21,5,Hospitals,2591,Nevada
Physical+Remote,-22,8,Insurance Carriers and Related Activities,1944,Nevada
Physical+Remote,-76,3,Accommodation,1730,Nevada
Physical+Remote,-19,-1,General Merchandise Stores,1597,Nevada
Remote,-7,8,Administrative and Support Services,631,Nevada
Remote,-23,2,"Professional, Scientific, and Technical Services",610,Nevada
Remote,-1,17,Insurance Carriers and Related Activities,609,Nevada
Remote,17,16,Publishing Industries (except Internet),175,Nevada
Remote,62,14,Educational Services,154,Nevada
Remote,11,14,Telecommunications,142,Nevada
Remote,80,1,Ambulatory Health Care Services,110,Nevada
Remote,88,21,Real Estate,92,Nevada
Remote,8,37,Credit Intermediation and Related Activities,85,Nevada
Remote,454,26,Food and Beverage Stores,72,Nevada
Remote,-23,9,"Professional, Scientific, and Technical Services",420,New Hampshire
Remote,-32,0,Administrative and Support Services,397,New Hampshire
Remote,-17,12,Insurance Carriers and Related Activities,381,New Hampshire
Remote,173,12,Educational Services,180,New Hampshire
Remote,34,38,Publishing Industries (except Internet),123,New Hampshire
Remote,85,48,Ambulatory Health Care Services,74,New Hampshire
Remote,509,-60,Hospitals,67,New Hampshire
Remote,315,-25,Computer and Electronic Product Manufacturing,54,New Hampshire
Remote,-65,286,Nonstore Retailers,54,New Hampshire
Remote,238,108,Real Estate,54,New Hampshire
Physical+Remote,-40,4,Administrative and Support Services,11605,New Hampshire
Physical+Remote,-11,6,"Professional, Scientific, and Technical Services",5447,New Hampshire
Physical+Remote,20,6,Ambulatory Health Care Services,5296,New Hampshire
Physical+Remote,-32,-2,Truck Transportation,3648,New Hampshire
Physical+Remote,13,-2,Hospitals,3279,New Hampshire
Physical+Remote,-30,1,Food Services and Drinking Places,2858,New Hampshire
Physical+Remote,-28,-7,General Merchandise Stores,2206,New Hampshire
Physical+Remote,3,11,Food and Beverage Stores,1864,New Hampshire
Physical+Remote,-23,8,Educational Services,1841,New Hampshire
Physical+Remote,-14,13,Insurance Carriers and Related Activities,1501,New Hampshire
Remote,38,14,"Professional, Scientific, and Technical Services",2659,New Jersey
Remote,50,12,Administrative and Support Services,2154,New Jersey
Remote,32,27,Publishing Industries (except Internet),714,New Jersey
Remote,-14,11,Insurance Carriers and Related Activities,620,New Jersey
Remote,194,11,Chemical Manufacturing,347,New Jersey
Remote,111,17,Educational Services,296,New Jersey
Remote,89,38,Telecommunications,232,New Jersey
Remote,137,-42,Credit Intermediation and Related Activities,211,New Jersey
Remote,51,14,Ambulatory Health Care Services,203,New Jersey
Remote,202,-2,Computer and Electronic Product Manufacturing,187,New Jersey
Physical+Remote,-36,5,Administrative and Support Services,42451,New Jersey
Physical+Remote,-26,7,"Professional, Scientific, and Technical Services",32051,New Jersey
Physical+Remote,-35,-2,Truck Transportation,17515,New Jersey
Physical+Remote,-23,4,Ambulatory Health Care Services,16289,New Jersey
Physical+Remote,-32,0,Food Services and Drinking Places,12639,New Jersey
Physical+Remote,346,15,Nonstore Retailers,9929,New Jersey
Physical+Remote,-30,4,Educational Services,8937,New Jersey
Physical+Remote,4,8,Hospitals,8759,New Jersey
Physical+Remote,27,5,Chemical Manufacturing,8629,New Jersey
Physical+Remote,8,18,Publishing Industries (except Internet),8150,New Jersey
Physical+Remote,-31,-7,Administrative and Support Services,12762,New Mexico
Physical+Remote,-23,-5,"Professional, Scientific, and Technical Services",6812,New Mexico
Physical+Remote,12,-4,Ambulatory Health Care Services,4970,New Mexico
Physical+Remote,-27,-6,Food Services and Drinking Places,4156,New Mexico
Physical+Remote,-45,-23,Truck Transportation,3443,New Mexico
Physical+Remote,-21,-6,Hospitals,2987,New Mexico
Physical+Remote,-15,-1,General Merchandise Stores,2333,New Mexico
Physical+Remote,-49,-16,Educational Services,1773,New Mexico
Physical+Remote,20,-1,Nursing and Residential Care Facilities,1575,New Mexico
Physical+Remote,11,-7,Food and Beverage Stores,1512,New Mexico
Remote,-3,-9,Administrative and Support Services,702,New Mexico
Remote,-26,4,"Professional, Scientific, and Technical Services",484,New Mexico
Remote,12,9,Insurance Carriers and Related Activities,385,New Mexico
Remote,31,23,Publishing Industries (except Internet),184,New Mexico
Remote,8900,96,Food and Beverage Stores,180,New Mexico
Remote,43,-17,Ambulatory Health Care Services,137,New Mexico
Remote,606,-6,Hospitals,113,New Mexico
Remote,407,33,Real Estate,76,New Mexico
Remote,-17,-32,Educational Services,69,New Mexico
Remote,-37,7,Telecommunications,62,New Mexico
Physical+Remote,-40,-3,Administrative and Support Services,86003,New York
Physical+Remote,-28,-6,"Professional, Scientific, and Technical Services",64018,New York
Physical+Remote,-6,-1,Ambulatory Health Care Services,32746,New York
Physical+Remote,-29,-2,Truck Transportation,32653,New York
Physical+Remote,-33,-6,Food Services and Drinking Places,22677,New York
Physical+Remote,-20,-5,Educational Services,19958,New York
Physical+Remote,-9,-7,Hospitals,14838,New York
Physical+Remote,-18,-5,General Merchandise Stores,14326,New York
Physical+Remote,-24,-6,Credit Intermediation and Related Activities,13748,New York
Physical+Remote,4,3,Publishing Industries (except Internet),11097,New York
Remote,15,-14,"Professional, Scientific, and Technical Services",4176,New York
Remote,47,-14,Administrative and Support Services,4109,New York
Remote,29,7,Insurance Carriers and Related Activities,2410,New York
Remote,77,-1,Publishing Industries (except Internet),976,New York
Remote,79,7,Educational Services,783,New York
Remote,907,39,Food and Beverage Stores,463,New York
Remote,73,-8,Credit Intermediation and Related Activities,437,New York
Remote,46,-9,Ambulatory Health Care Services,429,New York
Remote,107,10,"Religious, Grantmaking, Civic, Professional, and Similar Organizations",411,New York
Remote,179,-17,Real Estate,346,New York
Remote,14,-16,Administrative and Support Services,2492,North Carolina
Remote,-2,-8,"Professional, Scientific, and Technical Services",2269,North Carolina
Remote,102,9,Insurance Carriers and Related Activities,1697,North Carolina
Remote,58,2,Publishing Industries (except Internet),723,North Carolina
Remote,105,6,Educational Services,629,North Carolina
Remote,31,-5,Ambulatory Health Care Services,309,North Carolina
Remote,36,-17,Computer and Electronic Product Manufacturing,255,North Carolina
Remote,108,5,Chemical Manufacturing,250,North Carolina
Remote,27,-13,Credit Intermediation and Related Activities,245,North Carolina
Remote,-52,1,Telecommunications,150,North Carolina
Physical+Remote,-26,-9,Administrative and Support Services,55524,North Carolina
Physical+Remote,-20,-11,"Professional, Scientific, and Technical Services",37891,North Carolina
Physical+Remote,-22,-3,Truck Transportation,30114,North Carolina
Physical+Remote,-22,-7,Food Services and Drinking Places,25736,North Carolina
Physical+Remote,9,-1,Ambulatory Health Care Services,20146,North Carolina
Physical+Remote,1,-5,Educational Services,14705,North Carolina
Physical+Remote,8,-10,Hospitals,12321,North Carolina
Physical+Remote,-18,-1,General Merchandise Stores,10380,North Carolina
Physical+Remote,-7,-3,Food and Beverage Stores,9826,North Carolina
Physical+Remote,16,-6,Motor Vehicle and Parts Dealers,6994,North Carolina
Remote,25,75,Administrative and Support Services,579,North Dakota
Remote,-14,27,"Professional, Scientific, and Technical Services",424,North Dakota
Remote,2175,7,Ambulatory Health Care Services,273,North Dakota
Remote,-16,19,Insurance Carriers and Related Activities,247,North Dakota
Remote,2850,3,Hospitals,236,North Dakota
Remote,12700,110,Food and Beverage Stores,128,North Dakota
Remote,79,18,Educational Services,109,North Dakota
Remote,122,25,Publishing Industries (except Internet),60,North Dakota
Remote,-5,44,Credit Intermediation and Related Activities,56,North Dakota
Remote,275,10,Real Estate,45,North Dakota
Physical+Remote,-22,9,Administrative and Support Services,6878,North Dakota
Physical+Remote,-45,8,"Professional, Scientific, and Technical Services",2570,North Dakota
Physical+Remote,-36,-27,Truck Transportation,2315,North Dakota
Physical+Remote,49,10,Hospitals,2159,North Dakota
Physical+Remote,26,10,Ambulatory Health Care Services,1997,North Dakota
Physical+Remote,-21,-2,Food Services and Drinking Places,1730,North Dakota
Physical+Remote,-6,4,General Merchandise Stores,1301,North Dakota
Physical+Remote,184,10,National Security and International Affairs,1192,North Dakota
Physical+Remote,-61,17,Insurance Carriers and Related Activities,943,North Dakota
Physical+Remote,-16,-1,Educational Services,910,North Dakota
Physical+Remote,-38,-12,Administrative and Support Services,58313,Ohio
Physical+Remote,-18,-3,Truck Transportation,54252,Ohio
Physical+Remote,-31,-12,"Professional, Scientific, and Technical Services",31375,Ohio
Physical+Remote,-30,-4,Food Services and Drinking Places,28061,Ohio
Physical+Remote,-5,-2,Ambulatory Health Care Services,21733,Ohio
Physical+Remote,29,1,Hospitals,17012,Ohio
Physical+Remote,-26,-4,General Merchandise Stores,12393,Ohio
Physical+Remote,-19,-6,Educational Services,8968,Ohio
Physical+Remote,-24,-10,Food and Beverage Stores,8739,Ohio
Physical+Remote,26,0,Motor Vehicle and Parts Dealers,7904,Ohio
Remote,-10,1,"Professional, Scientific, and Technical Services",2254,Ohio
Remote,16,-16,Administrative and Support Services,2174,Ohio
Remote,38,-5,Insurance Carriers and Related Activities,1973,Ohio
Remote,385,-10,Ambulatory Health Care Services,951,Ohio
Remote,107,28,Educational Services,618,Ohio
Remote,39,5,Publishing Industries (except Internet),550,Ohio
Remote,3136,97,Food and Beverage Stores,453,Ohio
Remote,32,-21,Credit Intermediation and Related Activities,182,Ohio
Remote,288,6,Hospitals,155,Ohio
Remote,87,-20,Computer and Electronic Product Manufacturing,153,Ohio
Physical+Remote,-33,4,Administrative and Support Services,3751,Wyoming
Physical+Remote,-38,-19,Truck Transportation,1973,Wyoming
Physical+Remote,-42,5,"Professional, Scientific, and Technical Services",1621,Wyoming
Physical+Remote,-30,-6,Food Services and Drinking Places,1572,Wyoming
Physical+Remote,0,3,Ambulatory Health Care Services,1257,Wyoming
Physical+Remote,11,9,Hospitals,837,Wyoming
Physical+Remote,-40,-3,Educational Services,772,Wyoming
Physical+Remote,-8,8,General Merchandise Stores,695,Wyoming
Physical+Remote,-34,17,"Executive, Legislative, and Other General Government Support",574,Wyoming
Physical+Remote,-25,-2,Food and Beverage Stores,526,Wyoming
Remote,-22,7,Administrative and Support Services,348,Wyoming
Remote,-27,29,Insurance Carriers and Related Activities,208,Wyoming
Remote,-61,41,"Professional, Scientific, and Technical Services",202,Wyoming
Remote,123,12,Educational Services,105,Wyoming
Remote,0,228,Food and Beverage Stores,59,Wyoming
Remote,427,29,Ambulatory Health Care Services,58,Wyoming
Remote,280,36,Real Estate,38,Wyoming
Remote,-47,-6,"Data Processing, Hosting, and Related Services",16,Wyoming
Remote,-24,-11,Publishing Industries (except Internet),16,Wyoming
Remote,433,300,"Securities, Commodity Contracts, and Other Financial Investments and Related Activities",16,Wyoming
Physical+Remote,-43,1,Administrative and Support Services,30359,Wisconsin
Physical+Remote,-11,-5,Truck Transportation,21673,Wisconsin
Physical+Remote,-34,10,"Professional, Scientific, and Technical Services",14576,Wisconsin
Physical+Remote,-21,3,Ambulatory Health Care Services,12144,Wisconsin
Physical+Remote,-35,-3,Food Services and Drinking Places,11562,Wisconsin
Physical+Remote,-2,12,Hospitals,7031,Wisconsin
Physical+Remote,31,5,Food and Beverage Stores,6906,Wisconsin
Physical+Remote,-19,0,General Merchandise Stores,6588,Wisconsin
Physical+Remote,-56,1,Insurance Carriers and Related Activities,4269,Wisconsin
Physical+Remote,16,5,Health and Personal Care Stores,4268,Wisconsin
Remote,8,14,Administrative and Support Services,1343,Wisconsin
Remote,-7,19,"Professional, Scientific, and Technical Services",1134,Wisconsin
Remote,7,9,Insurance Carriers and Related Activities,963,Wisconsin
Remote,99,25,Publishing Industries (except Internet),338,Wisconsin
Remote,2933,96,Food and Beverage Stores,273,Wisconsin
Remote,70,22,Educational Services,243,Wisconsin
Remote,42,11,Ambulatory Health Care Services,165,Wisconsin
Remote,118,32,Real Estate,120,Wisconsin
Remote,11,20,Credit Intermediation and Related Activities,91,Wisconsin
Remote,78,21,Computer and Electronic Product Manufacturing,80,Wisconsin
Physical+Remote,-11,-2,Truck Transportation,23537,West Virginia
Physical+Remote,-42,5,Administrative and Support Services,9314,West Virginia
Physical+Remote,21,12,Ambulatory Health Care Services,6100,West Virginia
Physical+Remote,-38,-3,Food Services and Drinking Places,4437,West Virginia
Physical+Remote,-36,-6,"Professional, Scientific, and Technical Services",4433,West Virginia
Physical+Remote,-21,-2,General Merchandise Stores,3502,West Virginia
Physical+Remote,-43,69,Support Activities for Transportation,2407,West Virginia
Physical+Remote,12,3,Hospitals,2221,West Virginia
Physical+Remote,-33,3,Educational Services,1636,West Virginia
Physical+Remote,31,4,Food and Beverage Stores,1492,West Virginia
Remote,-19,-13,Administrative and Support Services,572,West Virginia
Remote,-8,17,Insurance Carriers and Related Activities,474,West Virginia
Remote,715,4,Ambulatory Health Care Services,318,West Virginia
Remote,-52,7,"Professional, Scientific, and Technical Services",294,West Virginia
Remote,92,12,Educational Services,232,West Virginia
Remote,11300,138,Food and Beverage Stores,114,West Virginia
Remote,133,87,Publishing Industries (except Internet),56,West Virginia
Remote,563,66,Real Estate,53,West Virginia
Remote,32,38,"Religious, Grantmaking, Civic, Professional, and Similar Organizations",33,West Virginia
Remote,-73,10,Telecommunications,23,West Virginia
Remote,26,10,"Professional, Scientific, and Technical Services",2254,Washington
Remote,54,6,Administrative and Support Services,1974,Washington
Remote,70,7,Insurance Carriers and Related Activities,1272,Washington
Remote,93,20,Publishing Industries (except Internet),571,Washington
Remote,118,20,Educational Services,545,Washington
Remote,52,23,Nonstore Retailers,465,Washington
Remote,74,7,Ambulatory Health Care Services,371,Washington
Remote,-3,17,Telecommunications,222,Washington
Remote,210,24,Real Estate,220,Washington
Remote,157,32,"Executive, Legislative, and Other General Government Support",203,Washington
Physical+Remote,-15,3,Administrative and Support Services,49704,Washington
Physical+Remote,5,6,"Professional, Scientific, and Technical Services",36679,Washington
Physical+Remote,134,4,Nonstore Retailers,31088,Washington
Physical+Remote,-4,4,Ambulatory Health Care Services,19359,Washington
Physical+Remote,-24,-3,Food Services and Drinking Places,12769,Washington
Physical+Remote,-6,9,Publishing Industries (except Internet),10600,Washington
Physical+Remote,14,13,Hospitals,9929,Washington
Physical+Remote,-22,0,Educational Services,9644,Washington
Physical+Remote,-27,-8,Truck Transportation,8994,Washington
Physical+Remote,9,-5,Food and Beverage Stores,7123,Washington
Physical+Remote,-9,-2,"Professional, Scientific, and Technical Services",81415,Virginia
Physical+Remote,-24,0,Administrative and Support Services,54677,Virginia
Physical+Remote,-25,1,Truck Transportation,31917,Virginia
Physical+Remote,-24,-7,Food Services and Drinking Places,21857,Virginia
Physical+Remote,0,3,Ambulatory Health Care Services,14965,Virginia
Physical+Remote,-25,7,Hospitals,10433,Virginia
Physical+Remote,-22,-6,Educational Services,10222,Virginia
Physical+Remote,-24,-2,General Merchandise Stores,9100,Virginia
Physical+Remote,16,14,Publishing Industries (except Internet),8449,Virginia
Physical+Remote,29,2,Food and Beverage Stores,8257,Virginia
Remote,45,-8,"Professional, Scientific, and Technical Services",4385,Virginia
Remote,11,1,Administrative and Support Services,2284,Virginia
Remote,18,10,Insurance Carriers and Related Activities,1811,Virginia
Remote,77,13,Educational Services,681,Virginia
Remote,44,34,Publishing Industries (except Internet),670,Virginia
Remote,24,-6,Computer and Electronic Product Manufacturing,287,Virginia
Remote,134,0,Ambulatory Health Care Services,276,Virginia
Remote,3600,96,Food and Beverage Stores,259,Virginia
Remote,93,17,Credit Intermediation and Related Activities,162,Virginia
Remote,-1,23,"Religious, Grantmaking, Civic, Professional, and Similar Organizations",141,Virginia
Physical+Remote,-41,-1,Administrative and Support Services,6125,Vermont
Physical+Remote,19,3,Ambulatory Health Care Services,2903,Vermont
Physical+Remote,-7,6,"Professional, Scientific, and Technical Services",2812,Vermont
Physical+Remote,-29,-8,Truck Transportation,2769,Vermont
Physical+Remote,-28,16,Educational Services,1670,Vermont
Physical+Remote,-13,9,Food and Beverage Stores,1244,Vermont
Physical+Remote,-23,-1,Food Services and Drinking Places,1210,Vermont
Physical+Remote,2,27,Publishing Industries (except Internet),1118,Vermont
Physical+Remote,170,3,National Security and International Affairs,914,Vermont
Physical+Remote,-30,-20,General Merchandise Stores,883,Vermont
Remote,-35,23,"Professional, Scientific, and Technical Services",291,Vermont
Remote,-38,24,Administrative and Support Services,278,Vermont
Remote,-48,21,Insurance Carriers and Related Activities,198,Vermont
Remote,112,13,Educational Services,144,Vermont
Remote,30,24,Publishing Industries (except Internet),103,Vermont
Remote,377,130,Real Estate,62,Vermont
Remote,50,7,Ambulatory Health Care Services,48,Vermont
Remote,583,8,Hospitals,41,Vermont
Remote,933,-6,Computer and Electronic Product Manufacturing,31,Vermont
Remote,-39,-28,"Data Processing, Hosting, and Related Services",28,Vermont
Physical+Remote,-41,-2,Administrative and Support Services,11700,Utah
Physical+Remote,-41,8,"Professional, Scientific, and Technical Services",7516,Utah
Physical+Remote,-26,-2,Food Services and Drinking Places,5976,Utah
Physical+Remote,-21,-1,Educational Services,5860,Utah
Physical+Remote,-14,11,Truck Transportation,5760,Utah
Physical+Remote,-3,25,Publishing Industries (except Internet),4420,Utah
Physical+Remote,-25,7,Ambulatory Health Care Services,3264,Utah
Physical+Remote,31,6,Computer and Electronic Product Manufacturing,2946,Utah
Physical+Remote,2,-1,General Merchandise Stores,2605,Utah
Physical+Remote,-15,21,Hospitals,2603,Utah
Remote,-57,20,"Professional, Scientific, and Technical Services",731,Utah
Remote,47,14,Insurance Carriers and Related Activities,620,Utah
Remote,-7,15,Administrative and Support Services,600,Utah
Remote,93,28,Publishing Industries (except Internet),509,Utah
Remote,130,9,Educational Services,325,Utah
Remote,-4,22,Telecommunications,110,Utah
Remote,180,-2,Computer and Electronic Product Manufacturing,98,Utah
Remote,400,21,Hospitals,85,Utah
Remote,-3,4,Credit Intermediation and Related Activities,84,Utah
Remote,8,7,Ambulatory Health Care Services,78,Utah
Physical+Remote,-30,-7,Administrative and Support Services,113728,Texas
Physical+Remote,-23,-5,"Professional, Scientific, and Technical Services",88882,Texas
Physical+Remote,-28,-5,Food Services and Drinking Places,57840,Texas
Physical+Remote,-30,-5,Truck Transportation,49562,Texas
Physical+Remote,2,4,Ambulatory Health Care Services,47258,Texas
Physical+Remote,-14,0,General Merchandise Stores,27455,Texas
Physical+Remote,-26,8,Hospitals,26660,Texas
Physical+Remote,-31,1,Insurance Carriers and Related Activities,19680,Texas
Physical+Remote,-31,-8,Educational Services,19614,Texas
Physical+Remote,-4,-3,Food and Beverage Stores,15824,Texas
Remote,33,3,"Professional, Scientific, and Technical Services",6636,Texas
Remote,29,-9,Administrative and Support Services,5348,Texas
Remote,96,10,Insurance Carriers and Related Activities,4784,Texas
Remote,81,38,Publishing Industries (except Internet),1662,Texas
Remote,2683,66,Food and Beverage Stores,1002,Texas
Remote,57,7,Educational Services,963,Texas
Remote,31,-2,Computer and Electronic Product Manufacturing,675,Texas
Remote,44,-8,Ambulatory Health Care Services,670,Texas
Remote,74,-10,Credit Intermediation and Related Activities,627,Texas
Remote,-52,-2,Telecommunications,399,Texas
Physical+Remote,-33,6,Administrative and Support Services,31144,Tennessee
Physical+Remote,-21,0,Truck Transportation,26993,Tennessee
Physical+Remote,-27,-1,Food Services and Drinking Places,17955,Tennessee
Physical+Remote,-24,9,"Professional, Scientific, and Technical Services",17242,Tennessee
Physical+Remote,-9,7,Ambulatory Health Care Services,14718,Tennessee
Physical+Remote,-2,12,Hospitals,9029,Tennessee
Physical+Remote,-17,1,General Merchandise Stores,7855,Tennessee
Physical+Remote,-25,2,Educational Services,5501,Tennessee
Physical+Remote,-21,26,Insurance Carriers and Related Activities,4892,Tennessee
Physical+Remote,16,6,Motor Vehicle and Parts Dealers,4890,Tennessee
Remote,3,6,Administrative and Support Services,1607,Tennessee
Remote,40,14,Insurance Carriers and Related Activities,1302,Tennessee
Remote,-11,22,"Professional, Scientific, and Technical Services",1266,Tennessee
Remote,27,11,Educational Services,386,Tennessee
Remote,43,32,Publishing Industries (except Internet),271,Tennessee
Remote,65,10,Ambulatory Health Care Services,235,Tennessee
Remote,5775,87,Food and Beverage Stores,235,Tennessee
Remote,62,30,Hospitals,160,Tennessee
Remote,-37,62,Telecommunications,133,Tennessee
Remote,107,19,Real Estate,118,Tennessee
Physical+Remote,-25,6,Administrative and Support Services,6483,South Dakota
Physical+Remote,-9,-10,Truck Transportation,2910,South Dakota
Physical+Remote,-36,8,"Professional, Scientific, and Technical Services",2742,South Dakota
Physical+Remote,30,11,Hospitals,2679,South Dakota
Physical+Remote,-24,1,Food Services and Drinking Places,1815,South Dakota
Physical+Remote,44,8,Ambulatory Health Care Services,1511,South Dakota
Physical+Remote,-3,9,General Merchandise Stores,1511,South Dakota
Physical+Remote,130,14,National Security and International Affairs,1372,South Dakota
Physical+Remote,-55,16,Insurance Carriers and Related Activities,1098,South Dakota
Physical+Remote,0,1,Educational Services,903,South Dakota
Remote,21,45,Administrative and Support Services,679,South Dakota
Remote,-43,16,"Professional, Scientific, and Technical Services",316,South Dakota
Remote,-8,17,Insurance Carriers and Related Activities,256,South Dakota
Remote,2600,4,Ambulatory Health Care Services,216,South Dakota
Remote,1644,3,Hospitals,157,South Dakota
Remote,0,86,Food and Beverage Stores,123,South Dakota
Remote,24,16,Educational Services,115,South Dakota
Remote,560,78,Real Estate,66,South Dakota
Remote,45,83,Credit Intermediation and Related Activities,64,South Dakota
Remote,189,24,Publishing Industries (except Internet),52,South Dakota
Physical+Remote,-32,-2,Administrative and Support Services,24392,South Carolina
Physical+Remote,-24,-1,Truck Transportation,16232,South Carolina
Physical+Remote,-20,-2,Food Services and Drinking Places,12978,South Carolina
Physical+Remote,-23,2,"Professional, Scientific, and Technical Services",11725,South Carolina
Physical+Remote,-7,1,Ambulatory Health Care Services,9422,South Carolina
Physical+Remote,0,4,Hospitals,6345,South Carolina
Physical+Remote,-18,0,General Merchandise Stores,5997,South Carolina
Physical+Remote,1,2,Food and Beverage Stores,5008,South Carolina
Physical+Remote,-20,-4,Educational Services,3445,South Carolina
Physical+Remote,23,-2,Nursing and Residential Care Facilities,3333,South Carolina
Remote,4,11,"Executive, Legislative, and Other General Government Support",1146,South Carolina
Remote,-9,-5,Administrative and Support Services,1013,South Carolina
Remote,-33,1,"Professional, Scientific, and Technical Services",700,South Carolina
Remote,58,7,Insurance Carriers and Related Activities,692,South Carolina
Remote,23,35,Publishing Industries (except Internet),198,South Carolina
Remote,-65,-5,Educational Services,190,South Carolina
Remote,119,13,Ambulatory Health Care Services,171,South Carolina
Remote,4000,69,Food and Beverage Stores,164,South Carolina
Remote,51,33,Credit Intermediation and Related Activities,92,South Carolina
Remote,250,105,Real Estate,84,South Carolina
Physical+Remote,-39,5,Administrative and Support Services,5263,Rhode Island
Physical+Remote,-16,13,"Professional, Scientific, and Technical Services",4457,Rhode Island
Physical+Remote,-3,3,Ambulatory Health Care Services,2580,Rhode Island
Physical+Remote,15,18,Publishing Industries (except Internet),1730,Rhode Island
Physical+Remote,-37,2,Food Services and Drinking Places,1728,Rhode Island
Physical+Remote,-40,5,Truck Transportation,1656,Rhode Island
Physical+Remote,2,0,Health and Personal Care Stores,1555,Rhode Island
Physical+Remote,-35,16,Educational Services,1528,Rhode Island
Physical+Remote,-17,18,Insurance Carriers and Related Activities,1231,Rhode Island
Physical+Remote,15,4,Hospitals,1173,Rhode Island
Remote,40,3,Administrative and Support Services,477,Rhode Island
Remote,-18,8,"Professional, Scientific, and Technical Services",413,Rhode Island
Remote,-18,3,Insurance Carriers and Related Activities,316,Rhode Island
Remote,45,19,Publishing Industries (except Internet),152,Rhode Island
Remote,950,1,Hospitals,105,Rhode Island
Remote,53,6,Educational Services,72,Rhode Island
Remote,-12,26,Credit Intermediation and Related Activities,59,Rhode Island
Remote,315,35,Ambulatory Health Care Services,54,Rhode Island
Remote,273,-34,Computer and Electronic Product Manufacturing,41,Rhode Island
Remote,52,14,Health and Personal Care Stores,41,Rhode Island
Physical+Remote,-35,-2,Administrative and Support Services,74024,Pennsylvania
Physical+Remote,-30,6,Truck Transportation,64871,Pennsylvania
Physical+Remote,-25,-2,"Professional, Scientific, and Technical Services",44339,Pennsylvania
Physical+Remote,-9,1,Ambulatory Health Care Services,35231,Pennsylvania
Physical+Remote,-29,-1,Food Services and Drinking Places,22416,Pennsylvania
Physical+Remote,-4,-1,Educational Services,18014,Pennsylvania
Physical+Remote,3,1,Hospitals,16330,Pennsylvania
Physical+Remote,-14,-3,General Merchandise Stores,14835,Pennsylvania
Physical+Remote,87,-14,Motor Vehicle and Parts Dealers,12221,Pennsylvania
Physical+Remote,-15,1,Food and Beverage Stores,10096,Pennsylvania
Remote,26,-5,Administrative and Support Services,3506,Pennsylvania
Remote,-5,1,"Professional, Scientific, and Technical Services",2888,Pennsylvania
Remote,88,8,Insurance Carriers and Related Activities,1687,Pennsylvania
Remote,134,17,Publishing Industries (except Internet),1006,Pennsylvania
Remote,21,27,Educational Services,843,Pennsylvania
Remote,-1,-9,"Executive, Legislative, and Other General Government Support",713,Pennsylvania
Remote,53,-7,Ambulatory Health Care Services,459,Pennsylvania
Remote,129,12,Chemical Manufacturing,327,Pennsylvania
Remote,1479,52,Food and Beverage Stores,300,Pennsylvania
Remote,107,8,Credit Intermediation and Related Activities,250,Pennsylvania
Physical+Remote,-33,0,Administrative and Support Services,24733,Oregon
Physical+Remote,-22,4,"Professional, Scientific, and Technical Services",12722,Oregon
Physical+Remote,4,10,Ambulatory Health Care Services,9111,Oregon
Physical+Remote,-29,-5,Food Services and Drinking Places,6760,Oregon
Physical+Remote,-31,-7,Truck Transportation,5973,Oregon
Physical+Remote,-16,-1,Educational Services,5624,Oregon
Physical+Remote,-15,10,Hospitals,4288,Oregon
Physical+Remote,6,-5,Food and Beverage Stores,3828,Oregon
Physical+Remote,-1,16,Publishing Industries (except Internet),3526,Oregon
Physical+Remote,-11,-9,General Merchandise Stores,2838,Oregon
Remote,-13,13,"Professional, Scientific, and Technical Services",1224,Oregon
Remote,4,8,Administrative and Support Services,1157,Oregon
Remote,45,7,Insurance Carriers and Related Activities,651,Oregon
Remote,49,31,Publishing Industries (except Internet),405,Oregon
Remote,92,24,Ambulatory Health Care Services,202,Oregon
Remote,1233,52,Food and Beverage Stores,200,Oregon
Remote,-25,4,Educational Services,177,Oregon
Remote,61,11,Credit Intermediation and Related Activities,135,Oregon
Remote,11,-16,Computer and Electronic Product Manufacturing,113,Oregon
Remote,241,24,Electronics and Appliance Stores,109,Oregon
Physical+Remote,-6,-3,Truck Transportation,20610,Oklahoma
Physical+Remote,-38,2,Administrative and Support Services,16355,Oklahoma
Physical+Remote,36,11,Ambulatory Health Care Services,9754,Oklahoma
Physical+Remote,-11,6,"Professional, Scientific, and Technical Services",9446,Oklahoma
Physical+Remote,-23,-4,Food Services and Drinking Places,9055,Oklahoma
Physical+Remote,-4,0,General Merchandise Stores,6997,Oklahoma
Physical+Remote,-5,-4,Educational Services,4222,Oklahoma
Physical+Remote,40,37,Hospitals,3902,Oklahoma
Physical+Remote,-47,43,Support Activities for Transportation,2634,Oklahoma
Physical+Remote,-1,2,"Executive, Legislative, and Other General Government Support",2191,Oklahoma
Remote,2,-15,Administrative and Support Services,893,Oklahoma
Remote,-7,20,"Professional, Scientific, and Technical Services",888,Oklahoma
Remote,69,10,Insurance Carriers and Related Activities,528,Oklahoma
Remote,35,9,Educational Services,310,Oklahoma
Remote,19900,102,Food and Beverage Stores,200,Oklahoma
Remote,22,18,Telecommunications,149,Oklahoma
Remote,-12,-12,Publishing Industries (except Internet),133,Oklahoma
Remote,85,-44,Ambulatory Health Care Services,85,Oklahoma
Remote,163,21,Real Estate,63,Oklahoma
Remote,-16,6,Credit Intermediation and Related Activities,53,Oklahoma
